{
  "districtId": "KOCAELİ__GÖLCÜK",
  "districtName": "Gölcük",
  "neighborhoods": [
    {
      "id": "AYVAZPINARI",
      "name": "Ayvazpınarı"
    },
    {
      "id": "FERHADİYE",
      "name": "Ferhadiye"
    },
    {
      "id": "HAMİDİYE",
      "name": "Hamidiye"
    },
    {
      "id": "HASANEYN",
      "name": "Hasaneyn"
    },
    {
      "id": "İCADİYE",
      "name": "İcadiye"
    },
    {
      "id": "İRŞADİYE",
      "name": "İrşadiye"
    },
    {
      "id": "LÜTFİYE",
      "name": "Lütfiye"
    },
    {
      "id": "ESKİFERHADİYE",
      "name": "Eskiferhadiye"
    },
    {
      "id": "MAMURİYE",
      "name": "Mamuriye"
    },
    {
      "id": "MESRURİYE",
      "name": "Mesruriye"
    },
    {
      "id": "NİMETİYE",
      "name": "Nimetiye"
    },
    {
      "id": "NÜZHETİYE",
      "name": "Nüzhetiye"
    },
    {
      "id": "SELİMİYE",
      "name": "Selimiye"
    },
    {
      "id": "SİYRETİYE",
      "name": "Siyretiye"
    },
    {
      "id": "SOFULAR",
      "name": "Sofular"
    },
    {
      "id": "ŞEVKETİYE",
      "name": "Şevketiye"
    },
    {
      "id": "ÜMMİYE",
      "name": "Ümmiye"
    },
    {
      "id": "DONANMA",
      "name": "Donanma"
    },
    {
      "id": "DUMLUPINAR",
      "name": "Dumlupınar"
    },
    {
      "id": "DÜZAĞAÇ",
      "name": "Düzağaç"
    },
    {
      "id": "İPEKYOLU",
      "name": "İpekyolu"
    },
    {
      "id": "KAVAKLI",
      "name": "Kavaklı"
    },
    {
      "id": "MERKEZ",
      "name": "Merkez"
    },
    {
      "id": "PİYALEPAŞA",
      "name": "Piyalepaşa"
    },
    {
      "id": "ŞEHİTLER",
      "name": "Şehitler"
    },
    {
      "id": "ŞİRİNKÖY",
      "name": "Şirinköy"
    },
    {
      "id": "YUNUSEMRE",
      "name": "Yunusemre"
    },
    {
      "id": "SARAYLI",
      "name": "Saraylı"
    },
    {
      "id": "ÖRCÜN",
      "name": "Örcün"
    },
    {
      "id": "ULAŞLI_YALI",
      "name": "Ulaşlı-yalı"
    },
    {
      "id": "HALIDERE_KÖRFEZ",
      "name": "Halıdere-körfez"
    },
    {
      "id": "HİSAREYN_KARAKÖPRÜ",
      "name": "Hisareyn-karaköprü"
    },
    {
      "id": "İHSANİYE_MERKEZ",
      "name": "İhsaniye-merkez"
    },
    {
      "id": "DEĞİRMENDERE_MERKEZ",
      "name": "Değirmendere-merkez"
    },
    {
      "id": "DEĞİRMENDERE_YUKARI",
      "name": "Değirmendere-yukarı"
    },
    {
      "id": "İHSANİYE_DENİZEVLER",
      "name": "İhsaniye-denizevler"
    },
    {
      "id": "ULAŞLI_YAVUZ_SULTAN_SELİM",
      "name": "Ulaşlı-yavuz Sultan Selim"
    },
    {
      "id": "HİSAREYN",
      "name": "Hisareyn"
    },
    {
      "id": "HALIDERE_YALI",
      "name": "Halıdere-yalı"
    },
    {
      "id": "YENİ_MAHALLE",
      "name": "Yeni Mahalle"
    },
    {
      "id": "HİSAREYN_MERKEZ",
      "name": "Hisareyn-merkez"
    },
    {
      "id": "DEĞİRMENDERE_TOPÇULAR",
      "name": "Değirmendere-topçular"
    },
    {
      "id": "DEĞİRMENDERE_YÜZBAŞILAR",
      "name": "Değirmendere-yüzbaşılar"
    },
    {
      "id": "DEĞİRMENDERE_BUCAK",
      "name": "Değirmendere-bucak"
    },
    {
      "id": "HALIDERE_YENİ",
      "name": "Halıdere-yeni"
    },
    {
      "id": "DEĞİRMENDERE_YALI",
      "name": "Değirmendere-yalı"
    },
    {
      "id": "YALI",
      "name": "Yalı"
    },
    {
      "id": "DEĞİRMENDERE_ATATÜRK",
      "name": "Değirmendere-atatürk"
    },
    {
      "id": "DEĞİRMENDERE_CUMHURİYET",
      "name": "Değirmendere-cumhuriyet"
    },
    {
      "id": "İHSANİYE",
      "name": "İhsaniye"
    },
    {
      "id": "YAZLIK_YENİMAHALLE",
      "name": "Yazlık-yenimahalle"
    },
    {
      "id": "İHSANİYE_ÇİFTLİK",
      "name": "İhsaniye-çiftlik"
    },
    {
      "id": "YAZLIK_MERKEZ",
      "name": "Yazlık Merkez"
    },
    {
      "id": "PANAYIR",
      "name": "Panayır"
    }
  ]
}